INSERT INTO country (Code, Name, Code2)
VALUES
    ('POL', 'Polska', 'PL'),
    ('SWE', 'Szwecja', 'SE'),
    ('NOR', 'Norwegia', 'NO'),
    ('FIN', 'Finlandia', 'FI'),
    ('GRC', 'Grecja', 'GR'),
    ('CZE', 'Czechy', 'CZ'),
    ('IRL', 'Irlandia', 'IE'),
    ('PRT', 'Portugalia', 'PT'),
    ('AUT', 'Austria', 'AT'),
    ('BEL', 'Belgia', 'BE'),
    ('DNK', 'Dania', 'DK'),
    ('FRA', 'Francja', 'FR'),
    ('DEU', 'Niemcy', 'DE'),
    ('ESP', 'Hiszpania', 'ES'),
    ('ITA', 'Włochy', 'IT'),
    ('USA', 'Stany Zjednoczone', 'US'),
    ('CAN', 'Kanada', 'CA'),
    ('MEX', 'Meksyk', 'MX'),
    ('CUB', 'Kuba', 'CU'),
    ('HND', 'Honduras', 'HN'),
    ('BRA', 'Brazylia', 'BR'),
    ('ARG', 'Argentyna', 'AR'),
    ('CHL', 'Chile', 'CL'),
    ('COL', 'Kolumbia', 'CO'),
    ('PER', 'Peru', 'PE'),
    ('CHN', 'Chiny', 'CN'),
    ('JPN', 'Japonia', 'JP'),
    ('IND', 'Indie', 'IN'),
    ('SAU', 'Arabia Saudyjska', 'SA'),
    ('KOR', 'Korea Południowa', 'KR');

INSERT INTO city (ID, Name, CountryCode, District)
VALUES
    (1, 'Warszawa', 'POL', 'Mazowieckie'),
    (2, 'Sztokholm', 'SWE', 'Sztokholm'),
    (3, 'Oslo', 'NOR', 'Oslo'),
    (4, 'Helsinki', 'FIN', 'Helsinki'),
    (5, 'Ateny', 'GRC', 'Attyka'),
    (6, 'Praga', 'CZE', 'Praga'),
    (7, 'Dublin', 'IRL', 'Leinster'),
    (8, 'Lizbona', 'PRT', 'Lizbona'),
    (9, 'Wiedeń', 'AUT', 'Wiedeń'),
    (10, 'Bruksela', 'BEL', 'Bruksela'),
    (11, 'Kopenhaga', 'DNK', 'Hovedstaden'),
    (12, 'Paryż', 'FRA', 'Île-de-France'),
    (13, 'Berlin', 'DEU', 'Berlin'),
    (14, 'Madryt', 'ESP', 'Madryt'),
    (15, 'Rzym', 'ITA', 'Lacjum'),
    (16, 'Waszyngton', 'USA', 'Dystrykt Kolumbii'),
    (17, 'Ottawa', 'CAN', 'Ontario'),
    (18, 'Meksyk', 'MEX', 'Dystrykt Federalny'),
    (19, 'Hawana', 'CUB', 'Hawana'),
    (20, 'Tegucigalpa', 'HND', 'Francisco Morazán'),
    (21, 'Brasília', 'BRA', 'Dystrykt Federalny'),
    (22, 'Buenos Aires', 'ARG', 'Buenos Aires'),
    (23, 'Santiago', 'CHL', 'Santiago'),
    (24, 'Bogota', 'COL', 'Bogota'),
    (25, 'Lima', 'PER', 'Lima'),
    (26, 'Pekin', 'CHN', 'Prowincja Pekin'),
    (27, 'Tokio', 'JPN', 'Tokio'),
    (28, 'Nowe Delhi', 'IND', 'Delhi'),
    (29, 'Rijad', 'SAU', 'Rijad'),
    (30, 'Seul', 'KOR', 'Seul');

INSERT INTO countrylanguage (CountryCode, Language, IsOfficial, Percentage)
VALUES
    ('POL', 'Polski', 'T', 98.0),
    ('SWE', 'Szwedzki', 'T', 90.0),
    ('NOR', 'Norweski', 'T', 95.0),
    ('FIN', 'Fiński', 'T', 88.0),
    ('GRC', 'Grecki', 'T', 98.0),
    ('CZE', 'Czeski', 'T', 96.0),
    ('IRL', 'Angielski', 'T', 60.0),
    ('IRL', 'Irlandzki', 'T', 40.0),
    ('PRT', 'Portugalski', 'T', 100.0),
    ('AUT', 'Niemiecki', 'T', 98.0),
    ('BEL', 'Francuski', 'T', 40.0),
    ('BEL', 'Niderlandzki', 'T', 60.0),
    ('DNK', 'Duński', 'T', 100.0),
    ('FRA', 'Francuski', 'T', 100.0),
    ('DEU', 'Niemiecki', 'T', 100.0),
    ('ESP', 'Hiszpański', 'T', 90.0),
    ('ITA', 'Włoski', 'T', 100.0),
    ('USA', 'Angielski', 'T', 80.0),
    ('CAN', 'Angielski', 'T', 50.0),
    ('CAN', 'Francuski', 'T', 25.0),
    ('MEX', 'Hiszpański', 'T', 92.0),
    ('CUB', 'Hiszpański', 'T', 100.0),
    ('BRA', 'Portugalski', 'T', 98.0),
    ('ARG', 'Hiszpański', 'T', 95.0),
    ('CHL', 'Hiszpański', 'T', 99.0),
    ('COL', 'Hiszpański', 'T', 99.0),
    ('PER', 'Hiszpański', 'T', 85.0),
    ('CHN', 'Chiński (mandaryński)', 'T', 70.0),
    ('JPN', 'Japoński', 'T', 99.0),
    ('IND', 'Hindi', 'T', 40.0),
    ('IND', 'Angielski', 'T', 20.0);

INSERT INTO countryinfo (_id, doc)
VALUES
    ('POL', '{"continent": "Europa", "president": "Andrzej Duda", "life_expectancy": 78, "gdp": 716000000000}'),
    ('SWE', '{"continent": "Europa", "president": "Król Karol XVI Gustaw", "life_expectancy": 82, "gdp": 620000000000}'),
    ('NOR', '{"continent": "Europa", "president": "Król Harald V", "life_expectancy": 82, "gdp": 550000000000}'),
    ('FIN', '{"continent": "Europa", "president": "Sauli Väinämö Niinistö", "life_expectancy": 81, "gdp": 320000000000}'),
    ('GRC', '{"continent": "Europa", "president": "Ekaterini Sakellaropoulou", "life_expectancy": 81, "gdp": 240000000000}'),
    ('CZE', '{"continent": "Europa", "president": "Petr Pavel", "life_expectancy": 79, "gdp": 280000000000}'),
    ('IRL', '{"continent": "Europa", "president": "Michael D. Higgins", "life_expectancy": 82, "gdp": 500000000000}'),
    ('PRT', '{"continent": "Europa", "president": "Marcelo Rebelo de Sousa", "life_expectancy": 81, "gdp": 290000000000}'),
    ('AUT', '{"continent": "Europa", "president": "Alexander Van der Bellen", "life_expectancy": 82, "gdp": 480000000000}'),
    ('BEL', '{"continent": "Europa", "president": "Król Filip", "life_expectancy": 82, "gdp": 560000000000}'),
    ('DNK', '{"continent": "Europa", "president": "Królowa Małgorzata II", "life_expectancy": 82, "gdp": 350000000000}'),
    ('FRA', '{"continent": "Europa", "president": "Emmanuel Macron", "life_expectancy": 82, "gdp": 2900000000000}'),
    ('DEU', '{"continent": "Europa", "president": "Frank-Walter Steinmeier", "life_expectancy": 81, "gdp": 3800000000000}'),
    ('ESP', '{"continent": "Europa", "president": "Król Filip VI", "life_expectancy": 83, "gdp": 1300000000000}'),
    ('ITA', '{"continent": "Europa", "president": "Sergio Mattarella", "life_expectancy": 83, "gdp": 2000000000000}'),
    ('USA', '{"continent": "Ameryka Północna", "president": "Joe Biden", "life_expectancy": 78, "gdp": 21000000000000}'),
    ('CAN', '{"continent": "Ameryka Północna", "president": "Mary Simon", "life_expectancy": 82, "gdp": 1600000000000}'),
    ('MEX', '{"continent": "Ameryka Północna", "president": "Andrés Manuel López Obrador", "life_expectancy": 76, "gdp": 1200000000000}'),
    ('CUB', '{"continent": "Ameryka Północna", "president": "Miguel Díaz-Canel", "life_expectancy": 79, "gdp": 100000000000}'),
    ('BRA', '{"continent": "Ameryka Południowa", "president": "Luiz Inácio Lula da Silva", "life_expectancy": 75, "gdp": 1500000000000}'),
    ('ARG', '{"continent": "Ameryka Południowa", "president": "Alberto Fernández", "life_expectancy": 76, "gdp": 500000000000}'),
    ('CHL', '{"continent": "Ameryka Południowa", "president": "Gabriel Boric", "life_expectancy": 80, "gdp": 280000000000}'),
    ('COL', '{"continent": "Ameryka Południowa", "president": "Gustavo Petro", "life_expectancy": 77, "gdp": 400000000000}'),
    ('PER', '{"continent": "Ameryka Południowa", "president": "Dina Boluarte", "life_expectancy": 76, "gdp": 220000000000}'),
    ('CHN', '{"continent": "Azja", "president": "Xi Jinping", "life_expectancy": 77, "gdp": 14000000000000}'),
    ('JPN', '{"continent": "Azja", "president": "Naruhito", "life_expectancy": 84, "gdp": 5000000000000}'),
    ('IND', '{"continent": "Azja", "president": "Droupadi Murmu", "life_expectancy": 70, "gdp": 3000000000000}'),
    ('SAU', '{"continent": "Azja", "president": "Król Salman", "life_expectancy": 75, "gdp": 780000000000}'),
    ('KOR', '{"continent": "Azja", "president": "Yoon Suk-yeol", "life_expectancy": 83, "gdp": 1600000000000}');
